sigma0,sigma1,phase_var
0.1,0.1,0.019081270523140265
0.1,0.2,0.012217729305476136
0.1,0.30000000000000004,0.009283009396348334
0.1,0.4,0.00787614853954813
0.1,0.5,0.006823728375273381
0.1,0.6,0.00626199116864093
0.1,0.7000000000000001,0.0058757567330214545
0.1,0.8,0.005835548258180943
0.1,0.9,0.005579724337029696
0.1,1.0,0.005711310143743095
0.1,1.1,0.0057508105746699985
0.1,1.2000000000000002,0.005826854697764738
0.1,1.3000000000000003,0.005972876030562998
0.1,1.4000000000000001,0.006044021804706169
0.1,1.5000000000000002,0.006297018894656286
0.1,1.6,0.0064633654254089516
0.1,1.7000000000000002,0.0066515018664597796
0.1,1.8000000000000003,0.006991954578565513
0.1,1.9000000000000001,0.007106298238640715
0.1,2.0,0.0074011104167786244
0.1,2.1,0.007562090745305487
0.1,2.2,0.007902706248616335
0.1,2.3000000000000003,0.008042803646733338
0.1,2.4000000000000004,0.008327202198198031
0.1,2.5000000000000004,0.00873328316469761
0.1,2.6,0.008916766679298374
0.1,2.7,0.009234707374556972
0.1,2.8000000000000003,0.009514454088285895
0.1,2.9000000000000004,0.00985396510809837
0.1,3.0000000000000004,0.010020924657831436
0.2,0.1,0.013220331458169686
0.2,0.2,0.009584303511547177
0.2,0.30000000000000004,0.007800904201163461
0.2,0.4,0.006708674996186955
0.2,0.5,0.006083705686213182
0.2,0.6,0.005743057865837481
0.2,0.7000000000000001,0.005484645905726124
0.2,0.8,0.005383254538336265
0.2,0.9,0.005336765205696852
0.2,1.0,0.005327953606507004
0.2,1.1,0.00538621947118716
0.2,1.2000000000000002,0.005575967713862807
0.2,1.3000000000000003,0.005691673169174488
0.2,1.4000000000000001,0.0058297110586716435
0.2,1.5000000000000002,0.005932505665039446
0.2,1.6,0.006210210116997295
0.2,1.7000000000000002,0.006478682384259053
0.2,1.8000000000000003,0.006691140251396179
0.2,1.9000000000000001,0.006855819905647348
0.2,2.0,0.007165317372230806
0.2,2.1,0.007466833249113327
0.2,2.2,0.00763159140630302
0.2,2.3000000000000003,0.007977176443808067
0.2,2.4000000000000004,0.008274681184450667
0.2,2.5000000000000004,0.008453775057759082
0.2,2.6,0.008837978524516812
0.2,2.7,0.008984377989420358
0.2,2.8000000000000003,0.009337270093840685
0.2,2.9000000000000004,0.009638677263026802
0.2,3.0000000000000004,0.010010535263244422
0.30000000000000004,0.1,0.010551141506519564
0.30000000000000004,0.2,0.00820440742424202
0.30000000000000004,0.30000000000000004,0.006885257270770393
0.30000000000000004,0.4,0.006226753586677311
0.30000000000000004,0.5,0.0056709555225608966
0.30000000000000004,0.6,0.005467095904431568
0.30000000000000004,0.7000000000000001,0.005226268156902585
0.30000000000000004,0.8,0.005095019769577727
0.30000000000000004,0.9,0.005118462603675469
0.30000000000000004,1.0,0.005081089190577403
0.30000000000000004,1.1,0.005257010890120965
0.30000000000000004,1.2000000000000002,0.005339063384394514
0.30000000000000004,1.3000000000000003,0.005547026719100851
0.30000000000000004,1.4000000000000001,0.005711980182720263
0.30000000000000004,1.5000000000000002,0.005880788724637698
0.30000000000000004,1.6,0.0059978651404587364
0.30000000000000004,1.7000000000000002,0.006259172936038162
0.30000000000000004,1.8000000000000003,0.006597042676033269
0.30000000000000004,1.9000000000000001,0.006738717717592479
0.30000000000000004,2.0,0.007053818361498553
0.30000000000000004,2.1,0.007276523210885245
0.30000000000000004,2.2,0.007458556349606121
0.30000000000000004,2.3000000000000003,0.007864479224081199
0.30000000000000004,2.4000000000000004,0.008002683717150955
0.30000000000000004,2.5000000000000004,0.008318194434832723
0.30000000000000004,2.6,0.008554934940012528
0.30000000000000004,2.7,0.008806545360199893
0.30000000000000004,2.8000000000000003,0.009131789787288472
0.30000000000000004,2.9000000000000004,0.00944615733050008
0.30000000000000004,3.0000000000000004,0.009814143044800267
0.4,0.1,0.008662244393946998
0.4,0.2,0.007308554699451086
0.4,0.30000000000000004,0.00630579097614684
0.4,0.4,0.005603531858629699
0.4,0.5,0.005226120486968241
0.4,0.6,0.005022659526772756
0.4,0.7000000000000001,0.004926367057897735
0.4,0.8,0.004927595304977063
0.4,0.9,0.004924981090781867
0.4,1.0,0.005037769239035511
0.4,1.1,0.005190812869621601
0.4,1.2000000000000002,0.005201496878163761
0.4,1.3000000000000003,0.005436751153411195
0.4,1.4000000000000001,0.005567065817742019
0.4,1.5000000000000002,0.005713483756847311
0.4,1.6,0.005958985601508394
0.4,1.7000000000000002,0.006179439244599378
0.4,1.8000000000000003,0.00636521784781833
0.4,1.9000000000000001,0.006642669565613615
0.4,2.0,0.006848626339879737
0.4,2.1,0.0071371674641540215
0.4,2.2,0.007396415317157333
0.4,2.3000000000000003,0.007595911055186436
0.4,2.4000000000000004,0.007804924214978803
0.4,2.5000000000000004,0.008190480963510416
0.4,2.6,0.008390320719411785
0.4,2.7,0.008724802417639694
0.4,2.8000000000000003,0.009085142632694936
0.4,2.9000000000000004,0.009345997550460674
0.4,3.0000000000000004,0.009560685380191501
0.5,0.1,0.007965654941530837
0.5,0.2,0.006621122391335465
0.5,0.30000000000000004,0.005918044930802316
0.5,0.4,0.00539065215897342
0.5,0.5,0.005097368469826825
0.5,0.6,0.004862708784809233
0.5,0.7000000000000001,0.004862296706334025
0.5,0.8,0.004886602631049876
0.5,0.9,0.004837406495162114
0.5,1.0,0.0048261587246353
0.5,1.1,0.004982050515766128
0.5,1.2000000000000002,0.005152242472774222
0.5,1.3000000000000003,0.005276273673344868
0.5,1.4000000000000001,0.005421770314654151
0.5,1.5000000000000002,0.0056369239430570555
0.5,1.6,0.005802205043629613
0.5,1.7000000000000002,0.00604103304865796
0.5,1.8000000000000003,0.0062367628054025735
0.5,1.9000000000000001,0.006444013969622781
0.5,2.0,0.006716783049008109
0.5,2.1,0.006949118063331724
0.5,2.2,0.007293919525882391
0.5,2.3000000000000003,0.007591684943509824
0.5,2.4000000000000004,0.00773793979223629
0.5,2.5000000000000004,0.008062079647282203
0.5,2.6,0.008368811540475625
0.5,2.7,0.008578577362077669
0.5,2.8000000000000003,0.008939757742586853
0.5,2.9000000000000004,0.009087829605161558
0.5,3.0000000000000004,0.009535762750851029
0.6,0.1,0.00739850796733977
0.6,0.2,0.006383260136823466
0.6,0.30000000000000004,0.005680696887727933
0.6,0.4,0.0052379324280517605
0.6,0.5,0.004998174109702189
0.6,0.6,0.004832515773933811
0.6,0.7000000000000001,0.004685426513790445
0.6,0.8,0.004700351584477339
0.6,0.9,0.004764226207421679
0.6,1.0,0.00486703526319432
0.6,1.1,0.0049391782947184135
0.6,1.2000000000000002,0.005043140374834889
0.6,1.3000000000000003,0.0051488819160210005
0.6,1.4000000000000001,0.005449866081346549
0.6,1.5000000000000002,0.005559940205638061
0.6,1.6,0.005717066892849989
0.6,1.7000000000000002,0.005894332885646119
0.6,1.8000000000000003,0.006206811334598117
0.6,1.9000000000000001,0.00647519849508439
0.6,2.0,0.006736396427121519
0.6,2.1,0.006871204455813374
0.6,2.2,0.007120036686212683
0.6,2.3000000000000003,0.007468791368001291
0.6,2.4000000000000004,0.00765911165354387
0.6,2.5000000000000004,0.007908359835786513
0.6,2.6,0.008255128657730692
0.6,2.7,0.008498430186278702
0.6,2.8000000000000003,0.00872704163914394
0.6,2.9000000000000004,0.00899878560882649
0.6,3.0000000000000004,0.009385488817784152
0.7000000000000001,0.1,0.006841098945868829
0.7000000000000001,0.2,0.006148659813989865
0.7000000000000001,0.30000000000000004,0.005545849667009267
0.7000000000000001,0.4,0.005173907729562425
0.7000000000000001,0.5,0.004934495831329367
0.7000000000000001,0.6,0.0047815526602791305
0.7000000000000001,0.7000000000000001,0.00471816637036498
0.7000000000000001,0.8,0.004757005925280089
0.7000000000000001,0.9,0.004822575356632743
0.7000000000000001,1.0,0.004747832404243601
0.7000000000000001,1.1,0.004872851483567944
0.7000000000000001,1.2000000000000002,0.004979748210682409
0.7000000000000001,1.3000000000000003,0.005143555817205858
0.7000000000000001,1.4000000000000001,0.005299435857492077
0.7000000000000001,1.5000000000000002,0.0055685047534699515
0.7000000000000001,1.6,0.005650997439408639
0.7000000000000001,1.7000000000000002,0.005970631796017444
0.7000000000000001,1.8000000000000003,0.006124612818080474
0.7000000000000001,1.9000000000000001,0.006451984690502785
0.7000000000000001,2.0,0.006570043307681038
0.7000000000000001,2.1,0.0068529149847668105
0.7000000000000001,2.2,0.007068825521189566
0.7000000000000001,2.3000000000000003,0.00736381733348408
0.7000000000000001,2.4000000000000004,0.007667587899887214
0.7000000000000001,2.5000000000000004,0.007857754836474268
0.7000000000000001,2.6,0.00814967134255855
0.7000000000000001,2.7,0.008436313681488545
0.7000000000000001,2.8000000000000003,0.008723839891691464
0.7000000000000001,2.9000000000000004,0.00893449685343832
0.7000000000000001,3.0000000000000004,0.009308590733370687
0.8,0.1,0.006708548390627443
0.8,0.2,0.005902197936534903
0.8,0.30000000000000004,0.005419890956990317
0.8,0.4,0.005067437021748848
0.8,0.5,0.0048673395556141615
0.8,0.6,0.004866034219440127
0.8,0.7000000000000001,0.0046771301735768255
0.8,0.8,0.004732542468905675
0.8,0.9,0.0047684916321265895
0.8,1.0,0.004783079211062836
0.8,1.1,0.004947197796849651
0.8,1.2000000000000002,0.0050751201195038155
0.8,1.3000000000000003,0.005148616981640446
0.8,1.4000000000000001,0.005235493626947471
0.8,1.5000000000000002,0.005462906598568468
0.8,1.6,0.005672277621344933
0.8,1.7000000000000002,0.0058709454635889795
0.8,1.8000000000000003,0.006130012550543275
0.8,1.9000000000000001,0.006301929619180633
0.8,2.0,0.006555602751203564
0.8,2.1,0.006795033119102797
0.8,2.2,0.006981970508980544
0.8,2.3000000000000003,0.00729066798681949
0.8,2.4000000000000004,0.007590865325069266
0.8,2.5000000000000004,0.007839443208855627
0.8,2.6,0.008043167501674725
0.8,2.7,0.008384201590885952
0.8,2.8000000000000003,0.00865174349953755
0.8,2.9000000000000004,0.009001892839595618
0.8,3.0000000000000004,0.009270149065014461
0.9,0.1,0.006616080721659144
0.9,0.2,0.005792725542873378
0.9,0.30000000000000004,0.005442061199322731
0.9,0.4,0.005180265563871641
0.9,0.5,0.00499399523697976
0.9,0.6,0.0048278700713694405
0.9,0.7000000000000001,0.004796435016299321
0.9,0.8,0.004745394877001363
0.9,0.9,0.004803656750555459
0.9,1.0,0.004935149326989221
0.9,1.1,0.004926236219118061
0.9,1.2000000000000002,0.005115698272127142
0.9,1.3000000000000003,0.0052152488705485825
0.9,1.4000000000000001,0.005346563622743294
0.9,1.5000000000000002,0.005472625592285747
0.9,1.6,0.0056486368295881675
0.9,1.7000000000000002,0.005898390417166468
0.9,1.8000000000000003,0.006038587392803952
0.9,1.9000000000000001,0.006307330266046586
0.9,2.0,0.006552158234520598
0.9,2.1,0.0067550178426589004
0.9,2.2,0.006998980910001612
0.9,2.3000000000000003,0.00735684410911311
0.9,2.4000000000000004,0.0075479993786206
0.9,2.5000000000000004,0.00776671167824809
0.9,2.6,0.007987356530539622
0.9,2.7,0.008334963457668662
0.9,2.8000000000000003,0.008654059416402396
0.9,2.9000000000000004,0.008790351592492147
0.9,3.0000000000000004,0.009203635782891195
1.0,0.1,0.006487482796997295
1.0,0.2,0.0059875487103697
1.0,0.30000000000000004,0.005542167325578011
1.0,0.4,0.0051495792108859585
1.0,0.5,0.005024718998112597
1.0,0.6,0.00488071772606901
1.0,0.7000000000000001,0.004874040932082245
1.0,0.8,0.004850701518972661
1.0,0.9,0.00487013690169206
1.0,1.0,0.004945266578017039
1.0,1.1,0.004930644774652813
1.0,1.2000000000000002,0.0050552583167887055
1.0,1.3000000000000003,0.005266841856679821
1.0,1.4000000000000001,0.00542846941049652
1.0,1.5000000000000002,0.005641609606861577
1.0,1.6,0.005694101099342709
1.0,1.7000000000000002,0.005931286708826186
1.0,1.8000000000000003,0.006146439002524327
1.0,1.9000000000000001,0.00632083726804605
1.0,2.0,0.006536744214950962
1.0,2.1,0.006829382258912884
1.0,2.2,0.007093993354290601
1.0,2.3000000000000003,0.007229950879633419
1.0,2.4000000000000004,0.00752136834623527
1.0,2.5000000000000004,0.0077255080208269095
1.0,2.6,0.008129922114852858
1.0,2.7,0.008349632490554058
1.0,2.8000000000000003,0.008462969416076337
1.0,2.9000000000000004,0.008793012573553178
1.0,3.0000000000000004,0.00902314565830734
1.1,0.1,0.006457326989295005
1.1,0.2,0.005958455228115677
1.1,0.30000000000000004,0.005538721320549837
1.1,0.4,0.005334575327342982
1.1,0.5,0.005181348598175643
1.1,0.6,0.005001831077101442
1.1,0.7000000000000001,0.00494167587695914
1.1,0.8,0.004962533402388906
1.1,0.9,0.00495400363186614
1.1,1.0,0.004985902042408406
1.1,1.1,0.005164383454288736
1.1,1.2000000000000002,0.005219577413600466
1.1,1.3000000000000003,0.005357445287689941
1.1,1.4000000000000001,0.005466891861503837
1.1,1.5000000000000002,0.005621875130799791
1.1,1.6,0.005694707056555762
1.1,1.7000000000000002,0.005975828958659657
1.1,1.8000000000000003,0.006205210410594864
1.1,1.9000000000000001,0.006406093910192747
1.1,2.0,0.00659385596041993
1.1,2.1,0.006775293076156694
1.1,2.2,0.007086148390389253
1.1,2.3000000000000003,0.00732908178564143
1.1,2.4000000000000004,0.007477613765017415
1.1,2.5000000000000004,0.007831381967101644
1.1,2.6,0.008049074915872353
1.1,2.7,0.008187521752866992
1.1,2.8000000000000003,0.008567184539633012
1.1,2.9000000000000004,0.008779049082108444
1.1,3.0000000000000004,0.009084865826192983
1.2000000000000002,0.1,0.006557476922153195
1.2000000000000002,0.2,0.00601032785815302
1.2000000000000002,0.30000000000000004,0.005710086610668262
1.2000000000000002,0.4,0.005445361837988544
1.2000000000000002,0.5,0.005247346830363594
1.2000000000000002,0.6,0.005226255099163296
1.2000000000000002,0.7000000000000001,0.005096123727907253
1.2000000000000002,0.8,0.005068673936350226
1.2000000000000002,0.9,0.005032264546267234
1.2000000000000002,1.0,0.005151778650693966
1.2000000000000002,1.1,0.005226744286674401
1.2000000000000002,1.2000000000000002,0.005298822124533647
1.2000000000000002,1.3000000000000003,0.0054054741414017865
1.2000000000000002,1.4000000000000001,0.0054954937746419736
1.2000000000000002,1.5000000000000002,0.005620175226886998
1.2000000000000002,1.6,0.005836697654518931
1.2000000000000002,1.7000000000000002,0.006019738747476699
1.2000000000000002,1.8000000000000003,0.006240917606759809
1.2000000000000002,1.9000000000000001,0.006413393100528025
1.2000000000000002,2.0,0.006583463967657754
1.2000000000000002,2.1,0.006859707119770239
1.2000000000000002,2.2,0.007087575406214137
1.2000000000000002,2.3000000000000003,0.007323685429866497
1.2000000000000002,2.4000000000000004,0.007646905231481744
1.2000000000000002,2.5000000000000004,0.007812893526541324
1.2000000000000002,2.6,0.008047783708101944
1.2000000000000002,2.7,0.008309912970735257
1.2000000000000002,2.8000000000000003,0.008656040255469519
1.2000000000000002,2.9000000000000004,0.00883256609180038
1.2000000000000002,3.0000000000000004,0.009071721526170081
1.3000000000000003,0.1,0.006691276114254785
1.3000000000000003,0.2,0.006259993019891437
1.3000000000000003,0.30000000000000004,0.005882925765335205
1.3000000000000003,0.4,0.0056307303886888255
1.3000000000000003,0.5,0.005419627641243126
1.3000000000000003,0.6,0.005266508061065968
1.3000000000000003,0.7000000000000001,0.00522123492684718
1.3000000000000003,0.8,0.005229651374231861
1.3000000000000003,0.9,0.005150276538003696
1.3000000000000003,1.0,0.005280519538682994
1.3000000000000003,1.1,0.005394465199272536
1.3000000000000003,1.2000000000000002,0.005402572321420229
1.3000000000000003,1.3000000000000003,0.005592613116067738
1.3000000000000003,1.4000000000000001,0.005631658231031118
1.3000000000000003,1.5000000000000002,0.00576259518754093
1.3000000000000003,1.6,0.0058757002680226815
1.3000000000000003,1.7000000000000002,0.006124800687751846
1.3000000000000003,1.8000000000000003,0.006246837459512144
1.3000000000000003,1.9000000000000001,0.006429845850231441
1.3000000000000003,2.0,0.0066898255520954596
1.3000000000000003,2.1,0.0069032160931420256
1.3000000000000003,2.2,0.007133753964920614
1.3000000000000003,2.3000000000000003,0.007315334020444763
1.3000000000000003,2.4000000000000004,0.007516597322508586
1.3000000000000003,2.5000000000000004,0.007788021256136305
1.3000000000000003,2.6,0.008048602442771806
1.3000000000000003,2.7,0.008256954318868756
1.3000000000000003,2.8000000000000003,0.00855715948091316
1.3000000000000003,2.9000000000000004,0.008816697710637561
1.3000000000000003,3.0000000000000004,0.009030665973468188
1.4000000000000001,0.1,0.006780539874618127
1.4000000000000001,0.2,0.006359518959769633
1.4000000000000001,0.30000000000000004,0.006012110407904711
1.4000000000000001,0.4,0.0057664223906382745
1.4000000000000001,0.5,0.005532280230393556
1.4000000000000001,0.6,0.005451530685506612
1.4000000000000001,0.7000000000000001,0.005364023955904224
1.4000000000000001,0.8,0.00540657852923006
1.4000000000000001,0.9,0.005312492885044771
1.4000000000000001,1.0,0.00536621962281055
1.4000000000000001,1.1,0.0054302459773948025
1.4000000000000001,1.2000000000000002,0.005482321867425039
1.4000000000000001,1.3000000000000003,0.005600083212065736
1.4000000000000001,1.4000000000000001,0.005763077894757688
1.4000000000000001,1.5000000000000002,0.005821149367577369
1.4000000000000001,1.6,0.006015127452667606
1.4000000000000001,1.7000000000000002,0.006181060728042697
1.4000000000000001,1.8000000000000003,0.006390016525318598
1.4000000000000001,1.9000000000000001,0.006504445880540355
1.4000000000000001,2.0,0.006675130139007331
1.4000000000000001,2.1,0.006942012874360567
1.4000000000000001,2.2,0.007189022113543806
1.4000000000000001,2.3000000000000003,0.00740017732076046
1.4000000000000001,2.4000000000000004,0.007615173271908218
1.4000000000000001,2.5000000000000004,0.00776813149993015
1.4000000000000001,2.6,0.008144859676119151
1.4000000000000001,2.7,0.008341291095581193
1.4000000000000001,2.8000000000000003,0.008652342312940786
1.4000000000000001,2.9000000000000004,0.008956447647823869
1.4000000000000001,3.0000000000000004,0.009115898005814851
1.5000000000000002,0.1,0.007062544322951669
1.5000000000000002,0.2,0.006649353314344233
1.5000000000000002,0.30000000000000004,0.006273305063233389
1.5000000000000002,0.4,0.005909396295209532
1.5000000000000002,0.5,0.005778283618944681
1.5000000000000002,0.6,0.0056697801238826395
1.5000000000000002,0.7000000000000001,0.0055612525895024625
1.5000000000000002,0.8,0.005603011038632256
1.5000000000000002,0.9,0.005481008545783879
1.5000000000000002,1.0,0.00554337022723066
1.5000000000000002,1.1,0.005596267475439253
1.5000000000000002,1.2000000000000002,0.00564866585162792
1.5000000000000002,1.3000000000000003,0.005727736263198116
1.5000000000000002,1.4000000000000001,0.005784936671412343
1.5000000000000002,1.5000000000000002,0.005969025771676443
1.5000000000000002,1.6,0.0061055761270889745
1.5000000000000002,1.7000000000000002,0.006275737813936899
1.5000000000000002,1.8000000000000003,0.006522767958885152
1.5000000000000002,1.9000000000000001,0.006595849676584
1.5000000000000002,2.0,0.006831540580405428
1.5000000000000002,2.1,0.00700738632869502
1.5000000000000002,2.2,0.007234738532320032
1.5000000000000002,2.3000000000000003,0.007495429011453629
1.5000000000000002,2.4000000000000004,0.007698230111013599
1.5000000000000002,2.5000000000000004,0.007923270111039691
1.5000000000000002,2.6,0.00809061803713871
1.5000000000000002,2.7,0.008446957557684823
1.5000000000000002,2.8000000000000003,0.008594817785901829
1.5000000000000002,2.9000000000000004,0.008882631466247926
1.5000000000000002,3.0000000000000004,0.009123702688134862
1.6,0.1,0.007166900672853384
1.6,0.2,0.006754251937129733
1.6,0.30000000000000004,0.006393112624399947
1.6,0.4,0.006105714660718124
1.6,0.5,0.0059671888248398145
1.6,0.6,0.005793794062273369
1.6,0.7000000000000001,0.005695339686119249
1.6,0.8,0.005728988203577512
1.6,0.9,0.005702911095762572
1.6,1.0,0.005692218978359048
1.6,1.1,0.005726578691838106
1.6,1.2000000000000002,0.005763877745746026
1.6,1.3000000000000003,0.005925391084288453
1.6,1.4000000000000001,0.0060701030711818845
1.6,1.5000000000000002,0.006092243205877418
1.6,1.6,0.006292516942588612
1.6,1.7000000000000002,0.006339218475789173
1.6,1.8000000000000003,0.006583801334836516
1.6,1.9000000000000001,0.006811300274879199
1.6,2.0,0.006901427645404474
1.6,2.1,0.007143194327498165
1.6,2.2,0.007318972702426868
1.6,2.3000000000000003,0.0075490304612194905
1.6,2.4000000000000004,0.0077967455921459684
1.6,2.5000000000000004,0.007951425480916898
1.6,2.6,0.008136775246862066
1.6,2.7,0.008500661819228192
1.6,2.8000000000000003,0.008648354184372571
1.6,2.9000000000000004,0.008874518354641958
1.6,3.0000000000000004,0.009210683816902163
1.7000000000000002,0.1,0.0072709906614728545
1.7000000000000002,0.2,0.0069100118549824995
1.7000000000000002,0.30000000000000004,0.006649205466253932
1.7000000000000002,0.4,0.006340541499591092
1.7000000000000002,0.5,0.006167144900004315
1.7000000000000002,0.6,0.006037832452459502
1.7000000000000002,0.7000000000000001,0.005969990147139241
1.7000000000000002,0.8,0.005858384958641796
1.7000000000000002,0.9,0.005902885171733446
1.7000000000000002,1.0,0.005927649794784438
1.7000000000000002,1.1,0.005959378541230178
1.7000000000000002,1.2000000000000002,0.0060474118642064615
1.7000000000000002,1.3000000000000003,0.006040609388083222
1.7000000000000002,1.4000000000000001,0.006137790893711624
1.7000000000000002,1.5000000000000002,0.0062893386617476135
1.7000000000000002,1.6,0.006446338599343762
1.7000000000000002,1.7000000000000002,0.006562260537226215
1.7000000000000002,1.8000000000000003,0.006657224135304894
1.7000000000000002,1.9000000000000001,0.006869394426611019
1.7000000000000002,2.0,0.007060722673662611
1.7000000000000002,2.1,0.007186311307891082
1.7000000000000002,2.2,0.007443325118848942
1.7000000000000002,2.3000000000000003,0.007666312422433684
1.7000000000000002,2.4000000000000004,0.007830551430668978
1.7000000000000002,2.5000000000000004,0.00805529073681041
1.7000000000000002,2.6,0.008312240134924896
1.7000000000000002,2.7,0.008592704696763485
1.7000000000000002,2.8000000000000003,0.008807170884711417
1.7000000000000002,2.9000000000000004,0.008958371033581401
1.7000000000000002,3.0000000000000004,0.009156571767479306
1.8000000000000003,0.1,0.0075709929385630115
1.8000000000000003,0.2,0.0072322876371017815
1.8000000000000003,0.30000000000000004,0.006869104015363907
1.8000000000000003,0.4,0.006728621703642485
1.8000000000000003,0.5,0.006511670217840863
1.8000000000000003,0.6,0.0062724942035487985
1.8000000000000003,0.7000000000000001,0.006201404134938049
1.8000000000000003,0.8,0.006159950309451787
1.8000000000000003,0.9,0.00609150504127766
1.8000000000000003,1.0,0.006146423784917349
1.8000000000000003,1.1,0.006059152998970387
1.8000000000000003,1.2000000000000002,0.006251682138961761
1.8000000000000003,1.3000000000000003,0.006244236807348273
1.8000000000000003,1.4000000000000001,0.006320919711223162
1.8000000000000003,1.5000000000000002,0.006348076314190349
1.8000000000000003,1.6,0.0066524488819211395
1.8000000000000003,1.7000000000000002,0.006679431945142965
1.8000000000000003,1.8000000000000003,0.006847896996146102
1.8000000000000003,1.9000000000000001,0.007039618318533271
1.8000000000000003,2.0,0.007213599565933387
1.8000000000000003,2.1,0.007420854951543694
1.8000000000000003,2.2,0.007564443147452502
1.8000000000000003,2.3000000000000003,0.007752853948006647
1.8000000000000003,2.4000000000000004,0.007947752927654
1.8000000000000003,2.5000000000000004,0.00813404605539453
1.8000000000000003,2.6,0.00844133385786815
1.8000000000000003,2.7,0.00853923163703647
1.8000000000000003,2.8000000000000003,0.008820411847313704
1.8000000000000003,2.9000000000000004,0.009104465657689532
1.8000000000000003,3.0000000000000004,0.009233476345246676
1.9000000000000001,0.1,0.0077507670069790775
1.9000000000000001,0.2,0.00734415517507401
1.9000000000000001,0.30000000000000004,0.007077599030690736
1.9000000000000001,0.4,0.0069220345459370825
1.9000000000000001,0.5,0.006589771257382054
1.9000000000000001,0.6,0.0065495180190652535
1.9000000000000001,0.7000000000000001,0.006534539815058607
1.9000000000000001,0.8,0.006274062565613301
1.9000000000000001,0.9,0.006257678395919174
1.9000000000000001,1.0,0.006345407077364012
1.9000000000000001,1.1,0.006305111230218533
1.9000000000000001,1.2000000000000002,0.006421883386724316
1.9000000000000001,1.3000000000000003,0.006462728115130073
1.9000000000000001,1.4000000000000001,0.006492354885677782
1.9000000000000001,1.5000000000000002,0.0066435272019127614
1.9000000000000001,1.6,0.006744113477500957
1.9000000000000001,1.7000000000000002,0.0069372998332303685
1.9000000000000001,1.8000000000000003,0.007046258028898359
1.9000000000000001,1.9000000000000001,0.007124702113536728
1.9000000000000001,2.0,0.007387757058970273
1.9000000000000001,2.1,0.007521436503641293
1.9000000000000001,2.2,0.007683530030037184
1.9000000000000001,2.3000000000000003,0.00782638816100301
1.9000000000000001,2.4000000000000004,0.00808502122784518
1.9000000000000001,2.5000000000000004,0.008249277302193818
1.9000000000000001,2.6,0.008472852371146046
1.9000000000000001,2.7,0.008693916736614798
1.9000000000000001,2.8000000000000003,0.008939186443693452
1.9000000000000001,2.9000000000000004,0.009122987480455865
1.9000000000000001,3.0000000000000004,0.00933016631095195
2.0,0.1,0.007949379485319574
2.0,0.2,0.00755740761665863
2.0,0.30000000000000004,0.007228387249521185
2.0,0.4,0.007071106367392551
2.0,0.5,0.0068858558936014365
2.0,0.6,0.0066676665131265
2.0,0.7000000000000001,0.006635615790720724
2.0,0.8,0.006589084010005261
2.0,0.9,0.00655067902093468
2.0,1.0,0.006423406317566594
2.0,1.1,0.006504448666228914
2.0,1.2000000000000002,0.006536155948178475
2.0,1.3000000000000003,0.006598261520425463
2.0,1.4000000000000001,0.006682499968109728
2.0,1.5000000000000002,0.006747853790225999
2.0,1.6,0.006935442857404344
2.0,1.7000000000000002,0.007025117029650357
2.0,1.8000000000000003,0.007157632085086214
2.0,1.9000000000000001,0.00727382497887904
2.0,2.0,0.007398231421275014
2.0,2.1,0.007584379218786648
2.0,2.2,0.007715333486985418
2.0,2.3000000000000003,0.00795769044995947
2.0,2.4000000000000004,0.008026716299850502
2.0,2.5000000000000004,0.008368731707050587
2.0,2.6,0.008600969169917724
2.0,2.7,0.008764641488114552
2.0,2.8000000000000003,0.009019883770406287
2.0,2.9000000000000004,0.009213347832930993
2.0,3.0000000000000004,0.00944400784435278
2.1,0.1,0.008152967963301188
2.1,0.2,0.007976267720344127
2.1,0.30000000000000004,0.007662377788313608
2.1,0.4,0.007347931370826871
2.1,0.5,0.0071273093072132514
2.1,0.6,0.006998459578159273
2.1,0.7000000000000001,0.0068680006827656626
2.1,0.8,0.006833818190505264
2.1,0.9,0.0067125515942299974
2.1,1.0,0.006646826583070776
2.1,1.1,0.006738128368368593
2.1,1.2000000000000002,0.006705610503843181
2.1,1.3000000000000003,0.006768058408054452
2.1,1.4000000000000001,0.006859146315353204
2.1,1.5000000000000002,0.006992846335725765
2.1,1.6,0.0070611497162620445
2.1,1.7000000000000002,0.007195437457710492
2.1,1.8000000000000003,0.007339959805048457
2.1,1.9000000000000001,0.007374391987773596
2.1,2.0,0.007653329678290283
2.1,2.1,0.007731680540544
2.1,2.2,0.007914983824172652
2.1,2.3000000000000003,0.008098665729389507
2.1,2.4000000000000004,0.00834774478068617
2.1,2.5000000000000004,0.008466157205422167
2.1,2.6,0.008699287505714765
2.1,2.7,0.0088956618659162
2.1,2.8000000000000003,0.009138098701530685
2.1,2.9000000000000004,0.009367842674151262
2.1,3.0000000000000004,0.009561413344469985
2.2,0.1,0.008453625853591055
2.2,0.2,0.008099624258493759
2.2,0.30000000000000004,0.007829494370421174
2.2,0.4,0.007443135000283333
2.2,0.5,0.007319788481430527
2.2,0.6,0.00711150777433291
2.2,0.7000000000000001,0.007063336462564406
2.2,0.8,0.007117049075107626
2.2,0.9,0.006898888603346394
2.2,1.0,0.006935318246046308
2.2,1.1,0.006960398369064882
2.2,1.2000000000000002,0.006965659781319681
2.2,1.3000000000000003,0.007017765683203391
2.2,1.4000000000000001,0.007069315894074716
2.2,1.5000000000000002,0.007156117469568271
2.2,1.6,0.007244156666511116
2.2,1.7000000000000002,0.007310579983010345
2.2,1.8000000000000003,0.007508340390687728
2.2,1.9000000000000001,0.007622237457153772
2.2,2.0,0.007731804611211824
2.2,2.1,0.00784579193209183
2.2,2.2,0.00801713402986304
2.2,2.3000000000000003,0.00833135621707449
2.2,2.4000000000000004,0.00839438519313332
2.2,2.5000000000000004,0.008585704635580088
2.2,2.6,0.00882902432103226
2.2,2.7,0.009049516422367829
2.2,2.8000000000000003,0.009258746022918247
2.2,2.9000000000000004,0.009539871369834479
2.2,3.0000000000000004,0.009644847543926152
2.3000000000000003,0.1,0.008572404550988455
2.3000000000000003,0.2,0.008329006831986941
2.3000000000000003,0.30000000000000004,0.008067111497182143
2.3000000000000003,0.4,0.007908963719262403
2.3000000000000003,0.5,0.007652041003028863
2.3000000000000003,0.6,0.007570305716119742
2.3000000000000003,0.7000000000000001,0.0073745975506191745
2.3000000000000003,0.8,0.007371881475535962
2.3000000000000003,0.9,0.007237376855516583
2.3000000000000003,1.0,0.007149733320660091
2.3000000000000003,1.1,0.007091151181739454
2.3000000000000003,1.2000000000000002,0.007167842661002757
2.3000000000000003,1.3000000000000003,0.007210750441534886
2.3000000000000003,1.4000000000000001,0.007264066908916768
2.3000000000000003,1.5000000000000002,0.007357390769683753
2.3000000000000003,1.6,0.00738971944090929
2.3000000000000003,1.7000000000000002,0.007562551107528286
2.3000000000000003,1.8000000000000003,0.007786864094532569
2.3000000000000003,1.9000000000000001,0.007660767726490884
2.3000000000000003,2.0,0.007896488032862371
2.3000000000000003,2.1,0.008142835941307769
2.3000000000000003,2.2,0.008223286210663231
2.3000000000000003,2.3000000000000003,0.0083670221222921
2.3000000000000003,2.4000000000000004,0.008613649227882422
2.3000000000000003,2.5000000000000004,0.008766855164176926
2.3000000000000003,2.6,0.008943949397461438
2.3000000000000003,2.7,0.009152923215158648
2.3000000000000003,2.8000000000000003,0.009332961676020574
2.3000000000000003,2.9000000000000004,0.009522091130746778
2.3000000000000003,3.0000000000000004,0.0098129488194372
2.4000000000000004,0.1,0.009109529299458989
2.4000000000000004,0.2,0.008581025535425304
2.4000000000000004,0.30000000000000004,0.008304037175904874
2.4000000000000004,0.4,0.008006434911809444
2.4000000000000004,0.5,0.007912639694616261
2.4000000000000004,0.6,0.007704423211774317
2.4000000000000004,0.7000000000000001,0.007747789362239593
2.4000000000000004,0.8,0.007616203179283699
2.4000000000000004,0.9,0.007334428481599241
2.4000000000000004,1.0,0.007341680726860081
2.4000000000000004,1.1,0.007341077407916513
2.4000000000000004,1.2000000000000002,0.007450064556458829
2.4000000000000004,1.3000000000000003,0.0074176583785939085
2.4000000000000004,1.4000000000000001,0.007497514580965668
2.4000000000000004,1.5000000000000002,0.007600249179854826
2.4000000000000004,1.6,0.007716675148511714
2.4000000000000004,1.7000000000000002,0.007627368636337995
2.4000000000000004,1.8000000000000003,0.00782990712931413
2.4000000000000004,1.9000000000000001,0.007928923862875257
2.4000000000000004,2.0,0.008068271320975075
2.4000000000000004,2.1,0.008227064010286021
2.4000000000000004,2.2,0.008371202048720166
2.4000000000000004,2.3000000000000003,0.008515025460558585
2.4000000000000004,2.4000000000000004,0.008769587657871598
2.4000000000000004,2.5000000000000004,0.00889045993723526
2.4000000000000004,2.6,0.009060317519516721
2.4000000000000004,2.7,0.00928489180805342
2.4000000000000004,2.8000000000000003,0.009595559706528357
2.4000000000000004,2.9000000000000004,0.00961121691409139
2.4000000000000004,3.0000000000000004,0.009936521799641598
2.5000000000000004,0.1,0.009304015005766783
2.5000000000000004,0.2,0.008811946155410894
2.5000000000000004,0.30000000000000004,0.008541624473521164
2.5000000000000004,0.4,0.008338930096911784
2.5000000000000004,0.5,0.008139280795915105
2.5000000000000004,0.6,0.008028519094876825
2.5000000000000004,0.7000000000000001,0.007874757162992655
2.5000000000000004,0.8,0.007814410228530619
2.5000000000000004,0.9,0.007792125882046544
2.5000000000000004,1.0,0.007632514684797965
2.5000000000000004,1.1,0.007669201196381426
2.5000000000000004,1.2000000000000002,0.0076671964799963
2.5000000000000004,1.3000000000000003,0.007595013739397691
2.5000000000000004,1.4000000000000001,0.007714736563114821
2.5000000000000004,1.5000000000000002,0.007821527139928182
2.5000000000000004,1.6,0.007917608401594087
2.5000000000000004,1.7000000000000002,0.007905242241635475
2.5000000000000004,1.8000000000000003,0.00798267764584363
2.5000000000000004,1.9000000000000001,0.008146294482990916
2.5000000000000004,2.0,0.008323453994149148
2.5000000000000004,2.1,0.008399605358166522
2.5000000000000004,2.2,0.008606416306209893
2.5000000000000004,2.3000000000000003,0.008820567722201529
2.5000000000000004,2.4000000000000004,0.008879735986185763
2.5000000000000004,2.5000000000000004,0.009084595302457865
2.5000000000000004,2.6,0.009279874251524536
2.5000000000000004,2.7,0.009381834197294466
2.5000000000000004,2.8000000000000003,0.009624669094599815
2.5000000000000004,2.9000000000000004,0.009813777492521358
2.5000000000000004,3.0000000000000004,0.010046495569073326
2.6,0.1,0.009463144851501052
2.6,0.2,0.009186528102454516
2.6,0.30000000000000004,0.008877384898563703
2.6,0.4,0.00854617162543514
2.6,0.5,0.00841023403954059
2.6,0.6,0.008268298543011438
2.6,0.7000000000000001,0.008175716261600284
2.6,0.8,0.008091281340543615
2.6,0.9,0.007995426008642713
2.6,1.0,0.007832283311107736
2.6,1.1,0.00787644124450537
2.6,1.2000000000000002,0.007873671609266658
2.6,1.3000000000000003,0.007829036043573394
2.6,1.4000000000000001,0.008047986106323509
2.6,1.5000000000000002,0.008071939785504413
2.6,1.6,0.00811225621952701
2.6,1.7000000000000002,0.008146104702179115
2.6,1.8000000000000003,0.008220232371613016
2.6,1.9000000000000001,0.008350602608658013
2.6,2.0,0.008499521963406446
2.6,2.1,0.008619348223786462
2.6,2.2,0.00883001026775088
2.6,2.3000000000000003,0.008844005316581761
2.6,2.4000000000000004,0.00909719604191282
2.6,2.5000000000000004,0.009179925953974464
2.6,2.6,0.009271714101783048
2.6,2.7,0.00955530300456532
2.6,2.8000000000000003,0.009810185875205305
2.6,2.9000000000000004,0.009997133363866238
2.6,3.0000000000000004,0.010204683073763317
2.7,0.1,0.009896282521993406
2.7,0.2,0.0094201980847072
2.7,0.30000000000000004,0.009215160573774563
2.7,0.4,0.008846524400338852
2.7,0.5,0.008757128913835455
2.7,0.6,0.008497273333993534
2.7,0.7000000000000001,0.008416513928905732
2.7,0.8,0.008243190584804721
2.7,0.9,0.008272455191603788
2.7,1.0,0.008207226302450864
2.7,1.1,0.008122114168226054
2.7,1.2000000000000002,0.008229642061691944
2.7,1.3000000000000003,0.008257855627719484
2.7,1.4000000000000001,0.00808446155818329
2.7,1.5000000000000002,0.0082683820319329
2.7,1.6,0.008212086216533807
2.7,1.7000000000000002,0.008313595337706498
2.7,1.8000000000000003,0.00845002666091482
2.7,1.9000000000000001,0.008512678291767963
2.7,2.0,0.008683259775884487
2.7,2.1,0.008814639063747305
2.7,2.2,0.00889320424955315
2.7,2.3000000000000003,0.00904518370475697
2.7,2.4000000000000004,0.00923096686226783
2.7,2.5000000000000004,0.009419067596156424
2.7,2.6,0.009658771183575148
2.7,2.7,0.009754077469875737
2.7,2.8000000000000003,0.009909394518064218
2.7,2.9000000000000004,0.01014395026297587
2.7,3.0000000000000004,0.010404708017349171
2.8000000000000003,0.1,0.01016311211986892
2.8000000000000003,0.2,0.009788436942079835
2.8000000000000003,0.30000000000000004,0.009559353719681252
2.8000000000000003,0.4,0.009220195433329043
2.8000000000000003,0.5,0.008915479532757972
2.8000000000000003,0.6,0.00883139916887424
2.8000000000000003,0.7000000000000001,0.00874224037078446
2.8000000000000003,0.8,0.008639211561599342
2.8000000000000003,0.9,0.008495877141675772
2.8000000000000003,1.0,0.008484785646974932
2.8000000000000003,1.1,0.008472224964632397
2.8000000000000003,1.2000000000000002,0.00828568120471381
2.8000000000000003,1.3000000000000003,0.008418922523292972
2.8000000000000003,1.4000000000000001,0.008497516255565992
2.8000000000000003,1.5000000000000002,0.00845614960778203
2.8000000000000003,1.6,0.008498107473197675
2.8000000000000003,1.7000000000000002,0.00854679784704546
2.8000000000000003,1.8000000000000003,0.008699829779706807
2.8000000000000003,1.9000000000000001,0.008750933125596258
2.8000000000000003,2.0,0.00896395560183916
2.8000000000000003,2.1,0.00900742934948608
2.8000000000000003,2.2,0.009150360263589832
2.8000000000000003,2.3000000000000003,0.00931064451678037
2.8000000000000003,2.4000000000000004,0.00936859304806629
2.8000000000000003,2.5000000000000004,0.009483913169865807
2.8000000000000003,2.6,0.009695088172815567
2.8000000000000003,2.7,0.00985316633494163
2.8000000000000003,2.8000000000000003,0.010078663373341117
2.8000000000000003,2.9000000000000004,0.010255121848403747
2.8000000000000003,3.0000000000000004,0.010615851548567335
2.9000000000000004,0.1,0.010528184463769331
2.9000000000000004,0.2,0.01008162805303404
2.9000000000000004,0.30000000000000004,0.009644903357152516
2.9000000000000004,0.4,0.009418996888442875
2.9000000000000004,0.5,0.009289645493656662
2.9000000000000004,0.6,0.009152763335517917
2.9000000000000004,0.7000000000000001,0.008920970557813598
2.9000000000000004,0.8,0.008847268287356578
2.9000000000000004,0.9,0.008762711078468042
2.9000000000000004,1.0,0.008646943139216361
2.9000000000000004,1.1,0.008556264540117072
2.9000000000000004,1.2000000000000002,0.008580993352533924
2.9000000000000004,1.3000000000000003,0.008689457343712058
2.9000000000000004,1.4000000000000001,0.008615846684036399
2.9000000000000004,1.5000000000000002,0.008757439831847886
2.9000000000000004,1.6,0.008778230853165474
2.9000000000000004,1.7000000000000002,0.00879820348692462
2.9000000000000004,1.8000000000000003,0.008891279197806376
2.9000000000000004,1.9000000000000001,0.008968647378797113
2.9000000000000004,2.0,0.009087427606267308
2.9000000000000004,2.1,0.009223968046670812
2.9000000000000004,2.2,0.009419792298901372
2.9000000000000004,2.3000000000000003,0.009398963162928205
2.9000000000000004,2.4000000000000004,0.009656866570100198
2.9000000000000004,2.5000000000000004,0.009777013747426443
2.9000000000000004,2.6,0.009873283110069032
2.9000000000000004,2.7,0.010045805142701815
2.9000000000000004,2.8000000000000003,0.010276129282762399
2.9000000000000004,2.9000000000000004,0.010431041119993417
2.9000000000000004,3.0000000000000004,0.01055166310045528
3.0000000000000004,0.1,0.010695877221761952
3.0000000000000004,0.2,0.010515816871888174
3.0000000000000004,0.30000000000000004,0.01003185809584533
3.0000000000000004,0.4,0.009739950829696812
3.0000000000000004,0.5,0.009475621113612706
3.0000000000000004,0.6,0.009428456068526993
3.0000000000000004,0.7000000000000001,0.009309667194922173
3.0000000000000004,0.8,0.009194700646339374
3.0000000000000004,0.9,0.009072019057077838
3.0000000000000004,1.0,0.008952537622553975
3.0000000000000004,1.1,0.008904481150001768
3.0000000000000004,1.2000000000000002,0.00884140093565843
3.0000000000000004,1.3000000000000003,0.008875948983306318
3.0000000000000004,1.4000000000000001,0.008938663720611787
3.0000000000000004,1.5000000000000002,0.008925394048075732
3.0000000000000004,1.6,0.009043313779960177
3.0000000000000004,1.7000000000000002,0.008942227574400625
3.0000000000000004,1.8000000000000003,0.009213527751111651
3.0000000000000004,1.9000000000000001,0.009155457387730527
3.0000000000000004,2.0,0.009283022681321997
3.0000000000000004,2.1,0.009418211457542545
3.0000000000000004,2.2,0.00952493918028669
3.0000000000000004,2.3000000000000003,0.009583504518845735
3.0000000000000004,2.4000000000000004,0.009808440591102667
3.0000000000000004,2.5000000000000004,0.009868498998872995
3.0000000000000004,2.6,0.010101064742831518
3.0000000000000004,2.7,0.01028967228608086
3.0000000000000004,2.8000000000000003,0.010429167101978358
3.0000000000000004,2.9000000000000004,0.010606905271527408
3.0000000000000004,3.0000000000000004,0.010790889692205928
